image_name;state;time;0;1;2;3;4;5;6;7;8;9;10;11;12;13;14;15;16;17;18;19;20;21;22;23;24;25;26;27;28;29;30;31;32;33;34;35;36;37;38;39;40;41;42;43;44;45;46;47;48;49;50;51;52;53;54;55;56;57;58;59;60;61;62;63
1_original_small_after_03_02_2023_03_12_11_ibm_nairobi.png;after;2023-02-03 03:12:11;0;0;0;0;0;0;0;0;0;0;0;0;0;0;0;0;0;0;0;0;0;0;0;0;0;0;204;0;0;247;0;0;0;0;0;0;0;0;0;0;0;255;40;230;1;255;65;0;0;0;0;0;0;0;0;0;0;0;0;0;0;0;0;0
1_original_small_after_03_02_2023_03_14_28_ibm_nairobi.png;after;2023-02-03 03:14:28;0;0;0;0;0;0;9;0;141;0;86;24;67;21;71;3;0;0;0;0;0;0;0;0;0;0;227;0;16;247;5;0;0;0;0;0;0;0;15;0;195;255;255;255;224;255;255;4;0;0;0;0;0;0;0;0;0;0;20;0;0;0;4;0
1_original_small_after_03_02_2023_03_17_45_ibm_nairobi.png;after;2023-02-03 03:17:45;0;0;0;11;0;0;0;0;60;11;48;48;48;20;43;0;0;0;0;0;0;0;0;0;0;3;255;0;31;255;16;4;0;0;0;0;0;0;0;0;0;255;214;255;195;255;218;4;0;0;0;0;0;0;0;0;10;0;35;13;22;0;13;39
1_original_small_after_03_02_2023_03_23_58_ibm_nairobi.png;after;2023-02-03 03:23:58;0;0;0;0;0;0;1;0;89;0;81;0;86;0;76;0;0;0;0;0;0;0;0;0;32;0;255;0;80;255;19;0;0;0;0;0;0;0;18;0;173;247;255;223;227;234;229;0;0;0;0;0;0;0;0;0;19;0;44;0;40;0;39;0
1_original_small_after_03_02_2023_03_26_38_ibm_nairobi.png;after;2023-02-03 03:26:38;0;0;0;0;0;0;0;0;0;0;0;0;0;0;0;0;0;0;0;0;0;0;0;0;0;0;216;0;0;255;0;0;0;0;0;1;0;0;0;0;0;255;143;250;1;233;136;0;0;0;9;0;0;0;0;0;0;0;0;0;0;0;0;0
1_original_small_after_03_02_2023_03_29_25_ibm_nairobi.png;after;2023-02-03 03:29:25;0;0;0;0;0;0;4;0;107;0;97;0;68;0;59;0;0;0;0;0;0;0;0;0;44;0;255;0;51;249;55;0;0;0;0;0;0;0;29;0;94;255;252;229;211;233;250;0;0;0;0;0;8;0;0;0;32;0;40;0;47;0;38;0
1_original_small_after_03_02_2023_03_33_35_ibm_nairobi.png;after;2023-02-03 03:33:35;0;0;0;0;0;0;42;0;151;9;135;59;117;32;103;25;0;0;0;0;0;0;0;0;0;0;255;0;28;249;18;0;0;0;0;0;0;0;36;0;200;255;255;255;233;255;255;27;0;0;0;0;0;0;0;0;0;0;21;0;0;0;8;2
1_original_small_after_03_02_2023_03_35_05_ibm_nairobi.png;after;2023-02-03 03:35:05;0;0;0;0;0;0;0;0;113;0;85;27;70;28;81;7;0;0;0;0;0;0;0;0;0;0;187;0;0;253;0;0;0;0;0;0;0;0;0;0;147;255;255;255;207;255;243;2;0;0;0;0;0;0;0;0;0;0;8;0;0;0;0;1
1_original_small_after_03_02_2023_03_36_59_ibm_nairobi.png;after;2023-02-03 03:36:59;0;0;0;9;0;0;9;0;0;0;0;27;0;6;0;0;5;0;0;0;0;0;0;0;0;0;223;1;18;255;2;0;0;13;0;0;0;0;0;0;0;255;150;255;153;255;182;0;3;22;0;5;0;0;0;0;9;0;18;0;6;0;0;0
1_original_small_after_03_02_2023_03_41_20_ibm_nairobi.png;after;2023-02-03 03:41:20;0;0;0;0;0;0;0;0;0;0;59;0;32;0;56;0;0;0;0;0;0;0;0;0;13;0;255;0;28;230;18;0;0;0;0;0;0;0;9;0;35;255;213;198;154;245;205;0;0;0;0;0;11;0;0;0;17;0;14;0;13;0;20;0
1_original_small_after_03_02_2023_12_15_34_ibm_nairobi.png;after;2023-02-03 12:15:34;0;171;0;144;0;117;0;64;0;116;62;108;0;81;0;60;0;40;0;32;0;34;0;50;0;27;255;67;0;255;0;24;0;216;117;144;0;101;0;89;103;255;255;255;255;255;255;73;0;85;0;69;0;59;0;59;0;56;8;73;0;73;8;54
1_original_small_after_03_02_2023_12_21_25_ibm_nairobi.png;after;2023-02-03 12:21:25;0;163;0;97;0;73;0;11;0;38;0;32;0;2;0;12;0;52;0;58;0;32;0;32;0;16;202;35;0;255;0;20;0;200;0;88;0;62;0;48;0;252;85;255;255;255;202;22;0;88;0;48;0;29;0;24;0;26;0;40;0;14;0;16
1_original_small_after_03_02_2023_12_23_23_ibm_nairobi.png;after;2023-02-03 12:23:23;0;193;0;108;0;126;0;30;0;71;0;47;0;35;0;24;0;71;0;56;0;29;0;40;0;36;222;54;0;255;0;16;0;168;0;102;0;80;0;48;0;255;133;255;191;255;195;40;0;83;0;69;0;36;0;40;0;40;0;42;0;39;0;29
1_original_small_after_03_02_2023_12_40_07_ibm_nairobi.png;after;2023-02-03 12:40:07;0;121;40;101;0;89;0;14;0;31;0;40;0;21;0;26;0;10;0;39;0;11;0;56;0;0;218;29;0;255;0;13;0;159;0;101;0;54;0;52;0;255;190;255;162;255;206;18;0;59;0;60;0;44;0;42;0;19;0;48;0;28;0;26
1_original_small_after_03_02_2023_12_48_22_ibm_nairobi.png;after;2023-02-03 12:48:22;0;0;0;0;0;1;0;0;0;60;36;29;0;20;0;0;13;19;0;0;0;0;0;0;28;22;255;29;0;255;0;0;0;0;0;0;0;0;0;0;104;255;255;246;255;255;255;4;10;15;7;19;0;0;0;0;28;32;22;30;5;28;5;2
1_original_small_after_03_02_2023_12_52_03_ibm_nairobi.png;after;2023-02-03 12:52:03;0;102;0;79;0;47;0;17;99;150;88;78;40;65;4;48;0;0;0;0;0;0;0;0;0;40;255;60;0;255;0;26;0;161;0;70;0;38;0;3;151;255;255;255;255;255;255;56;0;0;0;0;0;0;0;0;0;48;0;52;0;52;0;17
1_original_small_after_03_02_2023_12_57_40_ibm_nairobi.png;after;2023-02-03 12:57:40;0;0;118;35;0;0;32;0;0;19;52;40;0;3;3;19;0;0;0;23;0;0;8;10;0;15;255;42;0;239;0;0;0;0;0;27;0;0;0;0;0;241;255;255;255;240;255;0;0;2;8;6;0;0;5;0;0;5;9;23;15;0;10;0
1_original_small_after_03_02_2023_13_00_47_ibm_nairobi.png;after;2023-02-03 13:00:47;0;157;0;65;0;81;0;13;0;68;0;69;0;32;0;23;0;56;0;43;0;11;0;29;0;46;231;50;0;255;0;11;0;163;0;70;0;30;0;54;0;255;172;255;255;255;214;23;0;71;0;44;0;25;0;28;0;42;0;34;0;38;0;29
1_original_small_after_03_02_2023_13_04_51_ibm_nairobi.png;after;2023-02-03 13:04:51;0;135;0;72;0;62;0;0;104;129;43;81;52;73;0;40;0;1;0;9;0;0;0;11;0;42;255;56;0;255;0;21;0;116;0;73;0;17;0;0;105;255;255;255;255;255;255;55;0;10;0;22;0;0;0;14;0;62;0;65;0;72;0;42
1_original_small_after_03_02_2023_13_06_43_ibm_nairobi.png;after;2023-02-03 13:06:43;0;125;0;65;0;72;0;22;0;52;0;65;0;56;0;39;0;60;0;46;0;8;0;22;0;15;231;42;0;255;0;9;0;129;0;76;0;31;0;43;0;255;186;255;254;255;236;30;0;65;0;40;0;35;0;27;0;36;0;40;0;28;0;23
1_original_small_before_03_02_2023_03_12_11_ibm_nairobi.png;before;2023-02-03 03:12:11;0;0;0;0;0;0;0;0;0;0;0;0;0;0;0;0;0;0;0;0;0;0;0;0;0;0;255;0;0;255;0;0;0;0;0;0;0;0;0;0;0;255;255;255;255;255;255;0;0;0;0;0;0;0;0;0;0;0;0;0;0;0;0;0
1_original_small_before_03_02_2023_03_14_28_ibm_nairobi.png;before;2023-02-03 03:14:28;0;0;0;0;0;0;0;0;0;0;0;0;0;0;0;0;0;0;0;0;0;0;0;0;0;0;255;0;0;255;0;0;0;0;0;0;0;0;0;0;0;255;255;255;255;255;255;0;0;0;0;0;0;0;0;0;0;0;0;0;0;0;0;0
1_original_small_before_03_02_2023_03_17_45_ibm_nairobi.png;before;2023-02-03 03:17:45;0;0;0;0;0;0;0;0;0;0;0;0;0;0;0;0;0;0;0;0;0;0;0;0;0;0;255;0;0;255;0;0;0;0;0;0;0;0;0;0;0;255;255;255;255;255;255;0;0;0;0;0;0;0;0;0;0;0;0;0;0;0;0;0
1_original_small_before_03_02_2023_03_23_58_ibm_nairobi.png;before;2023-02-03 03:23:58;0;0;0;0;0;0;0;0;0;0;0;0;0;0;0;0;0;0;0;0;0;0;0;0;0;0;255;0;0;255;0;0;0;0;0;0;0;0;0;0;0;255;255;255;255;255;255;0;0;0;0;0;0;0;0;0;0;0;0;0;0;0;0;0
1_original_small_before_03_02_2023_03_26_38_ibm_nairobi.png;before;2023-02-03 03:26:38;0;0;0;0;0;0;0;0;0;0;0;0;0;0;0;0;0;0;0;0;0;0;0;0;0;0;255;0;0;255;0;0;0;0;0;0;0;0;0;0;0;255;255;255;255;255;255;0;0;0;0;0;0;0;0;0;0;0;0;0;0;0;0;0
1_original_small_before_03_02_2023_03_29_25_ibm_nairobi.png;before;2023-02-03 03:29:25;0;0;0;0;0;0;0;0;0;0;0;0;0;0;0;0;0;0;0;0;0;0;0;0;0;0;255;0;0;255;0;0;0;0;0;0;0;0;0;0;0;255;255;255;255;255;255;0;0;0;0;0;0;0;0;0;0;0;0;0;0;0;0;0
1_original_small_before_03_02_2023_03_33_35_ibm_nairobi.png;before;2023-02-03 03:33:35;0;0;0;0;0;0;0;0;0;0;0;0;0;0;0;0;0;0;0;0;0;0;0;0;0;0;255;0;0;255;0;0;0;0;0;0;0;0;0;0;0;255;255;255;255;255;255;0;0;0;0;0;0;0;0;0;0;0;0;0;0;0;0;0
1_original_small_before_03_02_2023_03_35_05_ibm_nairobi.png;before;2023-02-03 03:35:05;0;0;0;0;0;0;0;0;0;0;0;0;0;0;0;0;0;0;0;0;0;0;0;0;0;0;255;0;0;255;0;0;0;0;0;0;0;0;0;0;0;255;255;255;255;255;255;0;0;0;0;0;0;0;0;0;0;0;0;0;0;0;0;0
1_original_small_before_03_02_2023_03_36_59_ibm_nairobi.png;before;2023-02-03 03:36:59;0;0;0;0;0;0;0;0;0;0;0;0;0;0;0;0;0;0;0;0;0;0;0;0;0;0;255;0;0;255;0;0;0;0;0;0;0;0;0;0;0;255;255;255;255;255;255;0;0;0;0;0;0;0;0;0;0;0;0;0;0;0;0;0
1_original_small_before_03_02_2023_03_41_20_ibm_nairobi.png;before;2023-02-03 03:41:20;0;0;0;0;0;0;0;0;0;0;0;0;0;0;0;0;0;0;0;0;0;0;0;0;0;0;255;0;0;255;0;0;0;0;0;0;0;0;0;0;0;255;255;255;255;255;255;0;0;0;0;0;0;0;0;0;0;0;0;0;0;0;0;0
1_original_small_before_03_02_2023_12_15_34_ibm_nairobi.png;before;2023-02-03 12:15:34;0;0;0;0;0;0;0;0;0;0;0;0;0;0;0;0;0;0;0;0;0;0;0;0;0;0;255;0;0;255;0;0;0;0;0;0;0;0;0;0;0;255;255;255;255;255;255;0;0;0;0;0;0;0;0;0;0;0;0;0;0;0;0;0
1_original_small_before_03_02_2023_12_21_25_ibm_nairobi.png;before;2023-02-03 12:21:25;0;0;0;0;0;0;0;0;0;0;0;0;0;0;0;0;0;0;0;0;0;0;0;0;0;0;255;0;0;255;0;0;0;0;0;0;0;0;0;0;0;255;255;255;255;255;255;0;0;0;0;0;0;0;0;0;0;0;0;0;0;0;0;0
1_original_small_before_03_02_2023_12_23_23_ibm_nairobi.png;before;2023-02-03 12:23:23;0;0;0;0;0;0;0;0;0;0;0;0;0;0;0;0;0;0;0;0;0;0;0;0;0;0;255;0;0;255;0;0;0;0;0;0;0;0;0;0;0;255;255;255;255;255;255;0;0;0;0;0;0;0;0;0;0;0;0;0;0;0;0;0
1_original_small_before_03_02_2023_12_40_07_ibm_nairobi.png;before;2023-02-03 12:40:07;0;0;0;0;0;0;0;0;0;0;0;0;0;0;0;0;0;0;0;0;0;0;0;0;0;0;255;0;0;255;0;0;0;0;0;0;0;0;0;0;0;255;255;255;255;255;255;0;0;0;0;0;0;0;0;0;0;0;0;0;0;0;0;0
1_original_small_before_03_02_2023_12_48_22_ibm_nairobi.png;before;2023-02-03 12:48:22;0;0;0;0;0;0;0;0;0;0;0;0;0;0;0;0;0;0;0;0;0;0;0;0;0;0;255;0;0;255;0;0;0;0;0;0;0;0;0;0;0;255;255;255;255;255;255;0;0;0;0;0;0;0;0;0;0;0;0;0;0;0;0;0
1_original_small_before_03_02_2023_12_52_03_ibm_nairobi.png;before;2023-02-03 12:52:03;0;0;0;0;0;0;0;0;0;0;0;0;0;0;0;0;0;0;0;0;0;0;0;0;0;0;255;0;0;255;0;0;0;0;0;0;0;0;0;0;0;255;255;255;255;255;255;0;0;0;0;0;0;0;0;0;0;0;0;0;0;0;0;0
1_original_small_before_03_02_2023_12_57_40_ibm_nairobi.png;before;2023-02-03 12:57:40;0;0;0;0;0;0;0;0;0;0;0;0;0;0;0;0;0;0;0;0;0;0;0;0;0;0;255;0;0;255;0;0;0;0;0;0;0;0;0;0;0;255;255;255;255;255;255;0;0;0;0;0;0;0;0;0;0;0;0;0;0;0;0;0
1_original_small_before_03_02_2023_13_00_47_ibm_nairobi.png;before;2023-02-03 13:00:47;0;0;0;0;0;0;0;0;0;0;0;0;0;0;0;0;0;0;0;0;0;0;0;0;0;0;255;0;0;255;0;0;0;0;0;0;0;0;0;0;0;255;255;255;255;255;255;0;0;0;0;0;0;0;0;0;0;0;0;0;0;0;0;0
1_original_small_before_03_02_2023_13_04_51_ibm_nairobi.png;before;2023-02-03 13:04:51;0;0;0;0;0;0;0;0;0;0;0;0;0;0;0;0;0;0;0;0;0;0;0;0;0;0;255;0;0;255;0;0;0;0;0;0;0;0;0;0;0;255;255;255;255;255;255;0;0;0;0;0;0;0;0;0;0;0;0;0;0;0;0;0
1_original_small_before_03_02_2023_13_06_43_ibm_nairobi.png;before;2023-02-03 13:06:43;0;0;0;0;0;0;0;0;0;0;0;0;0;0;0;0;0;0;0;0;0;0;0;0;0;0;255;0;0;255;0;0;0;0;0;0;0;0;0;0;0;255;255;255;255;255;255;0;0;0;0;0;0;0;0;0;0;0;0;0;0;0;0;0
1_original_small_in_progres_03_02_2023_03_12_11_ibm_nairobi.png;in_progres;2023-02-03 03:12:11;0;113;0;160;0;154;0;184;0;146;0;197;0;185;81;192;97;207;134;215;128;215;147;235;138;219;163;236;165;230;192;241;0;142;0;176;0;185;0;186;0;167;0;186;0;202;65;216;107;216;129;232;144;227;162;246;169;236;177;255;172;255;188;254
1_original_small_in_progres_03_02_2023_03_14_28_ibm_nairobi.png;in_progres;2023-02-03 03:14:28;0;17;0;143;0;131;76;177;95;181;140;209;126;211;176;231;0;113;0;182;0;157;111;191;136;220;173;239;172;221;200;255;0;84;0;157;0;137;92;176;131;203;169;231;150;201;190;235;0;110;0;179;0;161;113;210;152;215;194;233;166;231;205;249
1_original_small_in_progres_03_02_2023_03_17_45_ibm_nairobi.png;in_progres;2023-02-03 03:17:45;0;119;0;158;0;154;58;189;36;177;105;207;104;193;144;209;18;184;104;198;126;200;157;219;130;220;175;224;166;232;190;242;0;131;0;166;0;154;50;186;0;176;105;207;119;205;151;215;73;189;129;206;136;215;157;218;155;225;186;235;182;227;193;255
1_original_small_in_progres_03_02_2023_03_23_58_ibm_nairobi.png;in_progres;2023-02-03 03:23:58;0;0;0;87;0;102;72;145;60;144;140;195;142;173;183;204;56;160;135;168;152;179;173;213;179;220;214;227;219;236;213;249;0;0;0;78;0;102;95;128;119;141;161;178;156;178;175;204;105;160;137;182;154;195;181;204;178;211;214;238;215;237;232;255
1_original_small_in_progres_03_02_2023_03_26_38_ibm_nairobi.png;in_progres;2023-02-03 03:26:38;0;115;0;163;0;163;62;192;0;112;0;184;0;163;119;201;0;209;151;237;69;209;181;237;112;202;172;243;165;241;198;250;0;117;0;194;0;158;75;213;0;153;71;201;0;181;115;216;75;215;170;236;121;219;184;242;153;220;184;255;155;241;201;249
1_original_small_in_progres_03_02_2023_03_29_25_ibm_nairobi.png;in_progres;2023-02-03 03:29:25;0;0;0;79;0;89;76;173;76;135;156;195;134;186;177;215;56;160;134;183;141;193;187;215;195;219;214;243;206;234;246;255;0;0;0;62;0;127;105;150;67;155;150;188;150;183;197;226;105;159;147;195;168;195;177;205;194;217;219;243;227;246;240;253
1_original_small_in_progres_03_02_2023_03_33_35_ibm_nairobi.png;in_progres;2023-02-03 03:33:35;0;0;0;131;0;127;97;183;101;189;171;230;158;217;195;243;0;85;0;147;0;154;115;199;131;219;189;238;177;219;206;255;0;35;0;141;0;150;105;193;133;194;187;239;154;222;206;247;0;103;0;174;0;162;126;218;136;213;192;243;176;237;205;251
1_original_small_in_progres_03_02_2023_03_35_05_ibm_nairobi.png;in_progres;2023-02-03 03:35:05;0;88;0;152;0;149;0;192;77;182;141;213;130;218;184;235;0;143;0;177;0;190;104;198;126;209;146;242;161;226;188;250;0;105;0;161;0;167;44;193;101;198;169;231;140;217;184;235;0;146;0;188;0;206;108;211;127;232;187;232;157;235;190;255
1_original_small_in_progres_03_02_2023_03_36_59_ibm_nairobi.png;in_progres;2023-02-03 03:36:59;0;139;0;173;0;167;77;207;0;181;81;214;77;203;119;221;109;217;149;237;145;222;175;248;149;234;171;250;175;242;200;254;0;154;0;183;0;179;72;211;0;183;73;207;103;205;143;221;129;233;133;238;154;237;183;251;170;240;194;240;190;247;204;255
1_original_small_in_progres_03_02_2023_03_41_20_ibm_nairobi.png;in_progres;2023-02-03 03:41:20;0;0;0;110;0;118;75;159;0;149;134;177;113;206;183;210;88;191;163;211;142;202;186;227;179;227;209;242;197;229;229;250;0;0;0;97;0;134;96;163;26;168;127;173;113;200;172;211;129;178;169;201;177;203;197;230;190;213;208;233;211;242;237;255
1_original_small_in_progres_03_02_2023_12_15_34_ibm_nairobi.png;in_progres;2023-02-03 12:15:34;0;112;0;198;0;163;81;211;0;176;141;219;88;205;146;233;0;174;117;201;0;198;133;227;77;203;174;239;140;223;186;241;0;141;76;201;0;182;126;219;67;216;163;241;129;224;184;236;0;193;127;227;94;216;170;241;123;219;190;249;163;240;209;255
1_original_small_in_progres_03_02_2023_12_21_25_ibm_nairobi.png;in_progres;2023-02-03 12:21:25;0;113;0;179;0;144;93;188;0;133;44;181;0;163;113;215;0;195;165;233;80;211;156;230;70;209;142;233;123;223;172;255;0;139;0;175;0;167;83;205;0;126;0;191;65;182;127;217;83;209;145;227;135;210;167;234;128;211;159;243;154;215;177;247
1_original_small_in_progres_03_02_2023_12_23_23_ibm_nairobi.png;in_progres;2023-02-03 12:23:23;0;134;0;186;0;181;48;201;0;155;30;191;40;185;127;223;17;207;131;232;63;207;146;235;108;223;155;246;134;233;174;252;0;117;0;185;0;179;109;205;0;163;32;204;20;193;121;229;77;205;137;242;101;215;165;245;130;223;167;243;140;232;188;255
1_original_small_in_progres_03_02_2023_12_40_07_ibm_nairobi.png;in_progres;2023-02-03 12:40:07;0;85;29;183;0;157;97;191;0;129;101;189;0;177;135;227;0;166;141;221;43;195;176;248;64;193;154;231;112;223;189;252;0;112;0;185;0;162;97;209;0;131;73;205;0;189;130;215;75;190;152;237;97;223;181;248;105;209;173;251;129;226;195;255
1_original_small_in_progres_03_02_2023_12_48_22_ibm_nairobi.png;in_progres;2023-02-03 12:48:22;0;0;0;115;0;101;78;171;0;161;143;193;97;189;179;210;89;184;177;200;139;193;171;223;189;231;226;248;195;237;223;243;0;0;0;104;0;89;117;158;79;171;150;193;135;197;192;221;133;171;179;223;127;202;194;219;202;234;230;255;205;242;239;255
1_original_small_in_progres_03_02_2023_12_52_03_ibm_nairobi.png;in_progres;2023-02-03 12:52:03;0;70;0;163;0;124;0;189;68;208;166;210;121;204;179;237;0;135;56;185;0;166;99;204;136;223;198;247;170;248;195;255;0;110;0;160;0;147;50;171;104;208;147;232;133;213;166;237;0;140;47;178;0;179;118;209;157;224;179;248;176;238;210;243
1_original_small_in_progres_03_02_2023_12_57_40_ibm_nairobi.png;in_progres;2023-02-03 12:57:40;0;0;88;144;0;81;146;191;0;128;154;200;77;175;195;234;0;161;174;223;135;199;195;229;153;223;214;254;173;217;227;255;0;0;0;141;0;0;143;165;0;127;162;204;92;173;188;215;80;159;177;211;129;188;210;219;157;211;218;247;210;215;240;250
1_original_small_in_progres_03_02_2023_13_00_47_ibm_nairobi.png;in_progres;2023-02-03 13:00:47;0;110;0;157;0;150;67;189;0;154;36;207;0;185;134;223;0;197;105;223;68;195;153;227;89;231;162;243;128;219;186;249;0;113;0;163;0;145;59;209;0;144;60;192;76;186;135;217;79;197;151;225;103;208;144;236;115;224;173;239;139;231;191;255
1_original_small_in_progres_03_02_2023_13_04_51_ibm_nairobi.png;in_progres;2023-02-03 13:04:51;0;91;0;155;0;131;0;162;70;189;131;208;127;204;161;226;0;152;0;192;0;167;93;207;139;219;189;240;166;231;197;247;0;78;0;159;0;130;0;163;71;195;137;225;145;199;161;231;0;149;51;201;0;183;111;218;150;229;179;251;155;246;192;255
1_original_small_in_progres_03_02_2023_13_06_43_ibm_nairobi.png;in_progres;2023-02-03 13:06:43;0;89;0;160;0;145;51;199;0;146;85;207;36;204;166;237;0;203;135;229;83;195;145;226;136;211;163;242;147;222;189;252;0;91;0;170;0;147;93;204;0;166;72;193;65;195;153;226;60;195;131;226;108;218;154;240;156;223;191;248;156;227;207;255
2_original_small_after_03_02_2023_03_44_20_ibm_nairobi.png;after;2023-02-03 03:44:20;0;21;97;103;93;147;10;0;0;0;0;0;0;0;0;0;10;255;252;234;255;255;255;0;1;146;255;151;203;255;188;0;0;67;126;87;127;100;83;0;0;217;40;213;1;194;127;0;25;0;21;0;0;0;0;0;0;0;23;0;3;0;10;0
2_original_small_after_03_02_2023_03_46_28_ibm_nairobi.png;after;2023-02-03 03:46:28;0;21;97;32;93;136;97;0;135;0;89;0;76;0;55;0;0;186;184;167;255;229;243;0;15;119;255;128;241;253;199;0;0;0;126;14;127;93;161;0;176;255;243;243;219;255;225;0;0;0;0;0;0;0;0;0;0;0;23;0;44;0;20;0
2_original_small_after_03_02_2023_03_49_07_ibm_nairobi.png;after;2023-02-03 03:49:07;0;202;97;146;93;208;10;0;0;21;54;35;60;19;46;28;0;233;154;220;233;255;226;0;15;160;236;157;218;255;173;3;0;156;126;142;127;162;138;0;92;255;231;255;210;255;243;16;0;0;0;0;0;0;0;0;0;0;22;7;23;11;8;20
2_original_small_after_03_02_2023_03_51_58_ibm_nairobi.png;after;2023-02-03 03:51:58;0;166;97;143;93;178;95;0;0;0;10;0;0;0;4;0;0;217;210;200;189;229;217;0;0;105;218;123;145;237;123;0;0;119;126;140;127;126;138;0;0;255;159;225;101;233;179;0;0;0;0;0;0;0;0;0;0;0;0;0;0;0;0;0
2_original_small_after_03_02_2023_03_54_40_ibm_nairobi.png;after;2023-02-03 03:54:40;0;225;97;128;93;209;101;0;0;0;0;0;0;0;22;0;0;255;227;239;255;255;255;0;1;154;254;143;195;255;166;0;0;168;126;115;127;162;113;0;0;255;147;255;119;255;159;0;9;4;0;0;35;0;0;0;17;0;10;0;0;0;15;8
2_original_small_after_03_02_2023_03_57_00_ibm_nairobi.png;after;2023-02-03 03:57:00;0;186;97;175;93;157;125;0;0;0;11;0;0;0;0;0;0;225;215;224;182;223;225;0;0;77;208;125;124;218;139;0;0;130;186;146;127;156;163;0;0;255;157;255;1;246;172;0;0;0;0;0;0;0;0;0;0;0;0;0;0;0;0;0
2_original_small_after_03_02_2023_04_00_00_ibm_nairobi.png;after;2023-02-03 04:00:00;0;21;97;13;93;105;115;0;0;0;38;0;0;0;36;0;20;230;219;178;255;232;248;0;19;105;255;119;208;231;181;0;0;0;126;0;127;36;167;0;54;227;227;209;156;181;208;0;18;0;0;0;0;0;0;0;16;0;29;0;32;0;19;0
2_original_small_after_03_02_2023_04_04_05_ibm_nairobi.png;after;2023-02-03 04:04:05;0;195;97;163;93;174;134;0;0;0;24;0;0;0;7;0;0;246;188;241;165;236;225;0;0;115;192;134;111;226;118;0;0;147;126;169;127;156;194;0;0;255;133;242;30;255;163;0;0;0;0;0;0;0;0;0;0;0;0;0;0;0;0;0
2_original_small_after_03_02_2023_04_06_28_ibm_nairobi.png;after;2023-02-03 04:06:28;0;202;97;130;93;201;63;0;14;12;46;29;62;31;44;23;0;255;200;211;255;255;243;0;0;146;233;154;201;255;188;10;0;146;126;146;187;175;186;0;101;255;215;255;221;255;229;2;0;0;0;0;0;0;0;0;11;0;21;0;23;1;24;9
2_original_small_after_03_02_2023_04_09_20_ibm_nairobi.png;after;2023-02-03 04:09:20;0;181;97;149;93;172;163;0;175;40;146;65;131;64;101;36;0;183;0;195;58;223;154;0;0;150;255;140;176;255;175;12;0;113;126;143;127;139;175;0;187;255;255;255;250;255;255;25;0;0;0;0;0;0;0;0;9;0;3;3;7;6;15;20
2_original_small_after_03_02_2023_13_09_24_ibm_nairobi.png;after;2023-02-03 13:09:24;0;102;93;144;93;157;78;20;149;147;111;109;69;92;22;58;0;211;201;239;119;233;194;17;0;115;255;129;156;255;167;24;0;127;153;126;127;144;168;35;171;255;255;255;255;255;255;64;0;0;0;0;0;0;0;2;9;40;11;55;8;69;5;46
2_original_small_after_03_02_2023_13_14_19_ibm_nairobi.png;after;2023-02-03 13:14:19;0;36;93;25;93;112;113;0;20;65;64;36;81;39;19;29;0;245;255;255;255;255;218;28;31;91;255;101;161;255;145;19;0;127;153;31;127;102;173;21;91;255;255;255;255;255;255;39;0;0;0;0;0;0;0;4;0;24;17;35;27;40;19;21
2_original_small_after_03_02_2023_13_16_42_ibm_nairobi.png;after;2023-02-03 13:16:42;0;176;93;139;93;163;56;13;113;140;60;104;14;81;0;63;0;227;153;240;119;223;154;6;0;99;255;134;130;255;136;32;0;243;153;121;127;155;130;25;123;255;255;255;255;255;255;73;0;0;0;5;0;0;0;10;0;46;9;55;0;44;0;48
2_original_small_after_03_02_2023_13_21_03_ibm_nairobi.png;after;2023-02-03 13:21:03;0;239;93;176;93;233;0;50;0;131;0;88;0;73;0;44;0;255;255;255;222;255;179;62;0;118;217;138;113;255;126;44;0;255;153;208;127;240;168;80;0;255;168;255;255;255;231;63;0;139;0;79;0;91;0;60;0;63;0;80;5;62;0;65
2_original_small_after_03_02_2023_13_24_38_ibm_nairobi.png;after;2023-02-03 13:24:38;0;36;93;12;93;81;0;0;0;36;0;26;21;28;0;0;0;250;255;232;255;236;235;17;0;83;255;99;176;251;155;6;0;218;153;77;127;121;191;0;99;255;255;255;255;255;255;18;9;21;17;11;0;29;19;24;29;18;29;32;39;52;6;9
2_original_small_after_03_02_2023_13_29_39_ibm_nairobi.png;after;2023-02-03 13:29:39;0;191;93;162;93;143;0;12;85;125;64;91;18;77;0;52;0;255;112;255;119;233;100;24;0;119;255;138;101;255;124;30;0;255;153;154;127;156;27;26;91;255;255;255;255;255;255;56;0;14;0;17;0;0;0;0;0;52;0;36;0;44;0;36
2_original_small_after_03_02_2023_13_33_13_ibm_nairobi.png;after;2023-02-03 13:33:13;0;162;200;151;139;158;133;14;0;50;0;56;0;39;0;0;0;255;255;255;255;255;209;19;0;81;247;93;128;243;116;0;0;255;238;135;127;160;218;28;0;255;208;255;236;247;243;14;0;44;0;4;0;9;0;23;0;0;0;7;0;20;0;0
2_original_small_after_03_02_2023_13_35_13_ibm_nairobi.png;after;2023-02-03 13:35:13;0;255;93;183;93;229;0;73;0;145;0;99;0;97;0;80;0;255;214;255;255;255;216;80;11;172;255;177;158;255;147;58;0;255;153;171;127;231;83;76;0;255;252;255;255;255;255;89;0;130;0;97;0;81;0;63;0;110;5;87;19;94;14;71
2_original_small_after_03_02_2023_13_43_09_ibm_nairobi.png;after;2023-02-03 13:43:09;0;36;93;25;93;83;123;0;0;17;43;0;39;1;1;0;12;255;255;247;255;255;255;17;0;77;255;84;151;255;147;0;0;127;153;35;127;99;211;3;0;250;255;239;255;250;255;0;0;0;13;3;0;0;15;0;0;13;1;12;23;24;27;6
2_original_small_after_03_02_2023_13_45_33_ibm_nairobi.png;after;2023-02-03 13:45:33;0;211;172;181;93;160;70;15;0;73;0;44;0;20;0;5;0;255;255;255;255;255;195;34;0;85;235;92;112;255;113;7;0;255;255;177;127;171;163;44;0;255;192;255;162;255;225;20;0;50;0;44;0;25;0;8;0;5;0;25;0;31;0;6
2_original_small_before_03_02_2023_03_44_20_ibm_nairobi.png;before;2023-02-03 03:44:20;0;93;93;93;93;93;93;0;0;0;0;0;0;0;0;0;0;195;195;195;195;195;195;0;0;127;255;127;127;255;127;0;0;127;153;127;127;153;127;0;0;255;255;255;255;255;255;0;0;0;0;0;0;0;0;0;0;0;0;0;0;0;0;0
2_original_small_before_03_02_2023_03_46_28_ibm_nairobi.png;before;2023-02-03 03:46:28;0;93;93;93;93;93;93;0;0;0;0;0;0;0;0;0;0;195;195;195;195;195;195;0;0;127;255;127;127;255;127;0;0;127;153;127;127;153;127;0;0;255;255;255;255;255;255;0;0;0;0;0;0;0;0;0;0;0;0;0;0;0;0;0
2_original_small_before_03_02_2023_03_49_07_ibm_nairobi.png;before;2023-02-03 03:49:07;0;93;93;93;93;93;93;0;0;0;0;0;0;0;0;0;0;195;195;195;195;195;195;0;0;127;255;127;127;255;127;0;0;127;153;127;127;153;127;0;0;255;255;255;255;255;255;0;0;0;0;0;0;0;0;0;0;0;0;0;0;0;0;0
2_original_small_before_03_02_2023_03_51_58_ibm_nairobi.png;before;2023-02-03 03:51:58;0;93;93;93;93;93;93;0;0;0;0;0;0;0;0;0;0;195;195;195;195;195;195;0;0;127;255;127;127;255;127;0;0;127;153;127;127;153;127;0;0;255;255;255;255;255;255;0;0;0;0;0;0;0;0;0;0;0;0;0;0;0;0;0
2_original_small_before_03_02_2023_03_54_40_ibm_nairobi.png;before;2023-02-03 03:54:40;0;93;93;93;93;93;93;0;0;0;0;0;0;0;0;0;0;195;195;195;195;195;195;0;0;127;255;127;127;255;127;0;0;127;153;127;127;153;127;0;0;255;255;255;255;255;255;0;0;0;0;0;0;0;0;0;0;0;0;0;0;0;0;0
2_original_small_before_03_02_2023_03_57_00_ibm_nairobi.png;before;2023-02-03 03:57:00;0;93;93;93;93;93;93;0;0;0;0;0;0;0;0;0;0;195;195;195;195;195;195;0;0;127;255;127;127;255;127;0;0;127;153;127;127;153;127;0;0;255;255;255;255;255;255;0;0;0;0;0;0;0;0;0;0;0;0;0;0;0;0;0
2_original_small_before_03_02_2023_04_00_00_ibm_nairobi.png;before;2023-02-03 04:00:00;0;93;93;93;93;93;93;0;0;0;0;0;0;0;0;0;0;195;195;195;195;195;195;0;0;127;255;127;127;255;127;0;0;127;153;127;127;153;127;0;0;255;255;255;255;255;255;0;0;0;0;0;0;0;0;0;0;0;0;0;0;0;0;0
2_original_small_before_03_02_2023_04_04_05_ibm_nairobi.png;before;2023-02-03 04:04:05;0;93;93;93;93;93;93;0;0;0;0;0;0;0;0;0;0;195;195;195;195;195;195;0;0;127;255;127;127;255;127;0;0;127;153;127;127;153;127;0;0;255;255;255;255;255;255;0;0;0;0;0;0;0;0;0;0;0;0;0;0;0;0;0
2_original_small_before_03_02_2023_04_06_28_ibm_nairobi.png;before;2023-02-03 04:06:28;0;93;93;93;93;93;93;0;0;0;0;0;0;0;0;0;0;195;195;195;195;195;195;0;0;127;255;127;127;255;127;0;0;127;153;127;127;153;127;0;0;255;255;255;255;255;255;0;0;0;0;0;0;0;0;0;0;0;0;0;0;0;0;0
2_original_small_before_03_02_2023_04_09_20_ibm_nairobi.png;before;2023-02-03 04:09:20;0;93;93;93;93;93;93;0;0;0;0;0;0;0;0;0;0;195;195;195;195;195;195;0;0;127;255;127;127;255;127;0;0;127;153;127;127;153;127;0;0;255;255;255;255;255;255;0;0;0;0;0;0;0;0;0;0;0;0;0;0;0;0;0
2_original_small_before_03_02_2023_13_09_24_ibm_nairobi.png;before;2023-02-03 13:09:24;0;93;93;93;93;93;93;0;0;0;0;0;0;0;0;0;0;195;195;195;195;195;195;0;0;127;255;127;127;255;127;0;0;127;153;127;127;153;127;0;0;255;255;255;255;255;255;0;0;0;0;0;0;0;0;0;0;0;0;0;0;0;0;0
2_original_small_before_03_02_2023_13_14_19_ibm_nairobi.png;before;2023-02-03 13:14:19;0;93;93;93;93;93;93;0;0;0;0;0;0;0;0;0;0;195;195;195;195;195;195;0;0;127;255;127;127;255;127;0;0;127;153;127;127;153;127;0;0;255;255;255;255;255;255;0;0;0;0;0;0;0;0;0;0;0;0;0;0;0;0;0
2_original_small_before_03_02_2023_13_16_42_ibm_nairobi.png;before;2023-02-03 13:16:42;0;93;93;93;93;93;93;0;0;0;0;0;0;0;0;0;0;195;195;195;195;195;195;0;0;127;255;127;127;255;127;0;0;127;153;127;127;153;127;0;0;255;255;255;255;255;255;0;0;0;0;0;0;0;0;0;0;0;0;0;0;0;0;0
2_original_small_before_03_02_2023_13_21_03_ibm_nairobi.png;before;2023-02-03 13:21:03;0;93;93;93;93;93;93;0;0;0;0;0;0;0;0;0;0;195;195;195;195;195;195;0;0;127;255;127;127;255;127;0;0;127;153;127;127;153;127;0;0;255;255;255;255;255;255;0;0;0;0;0;0;0;0;0;0;0;0;0;0;0;0;0
2_original_small_before_03_02_2023_13_24_38_ibm_nairobi.png;before;2023-02-03 13:24:38;0;93;93;93;93;93;93;0;0;0;0;0;0;0;0;0;0;195;195;195;195;195;195;0;0;127;255;127;127;255;127;0;0;127;153;127;127;153;127;0;0;255;255;255;255;255;255;0;0;0;0;0;0;0;0;0;0;0;0;0;0;0;0;0
2_original_small_before_03_02_2023_13_29_39_ibm_nairobi.png;before;2023-02-03 13:29:39;0;93;93;93;93;93;93;0;0;0;0;0;0;0;0;0;0;195;195;195;195;195;195;0;0;127;255;127;127;255;127;0;0;127;153;127;127;153;127;0;0;255;255;255;255;255;255;0;0;0;0;0;0;0;0;0;0;0;0;0;0;0;0;0
2_original_small_before_03_02_2023_13_33_13_ibm_nairobi.png;before;2023-02-03 13:33:13;0;93;93;93;93;93;93;0;0;0;0;0;0;0;0;0;0;195;195;195;195;195;195;0;0;127;255;127;127;255;127;0;0;127;153;127;127;153;127;0;0;255;255;255;255;255;255;0;0;0;0;0;0;0;0;0;0;0;0;0;0;0;0;0
2_original_small_before_03_02_2023_13_35_13_ibm_nairobi.png;before;2023-02-03 13:35:13;0;93;93;93;93;93;93;0;0;0;0;0;0;0;0;0;0;195;195;195;195;195;195;0;0;127;255;127;127;255;127;0;0;127;153;127;127;153;127;0;0;255;255;255;255;255;255;0;0;0;0;0;0;0;0;0;0;0;0;0;0;0;0;0
2_original_small_before_03_02_2023_13_43_09_ibm_nairobi.png;before;2023-02-03 13:43:09;0;93;93;93;93;93;93;0;0;0;0;0;0;0;0;0;0;195;195;195;195;195;195;0;0;127;255;127;127;255;127;0;0;127;153;127;127;153;127;0;0;255;255;255;255;255;255;0;0;0;0;0;0;0;0;0;0;0;0;0;0;0;0;0
2_original_small_before_03_02_2023_13_45_33_ibm_nairobi.png;before;2023-02-03 13:45:33;0;93;93;93;93;93;93;0;0;0;0;0;0;0;0;0;0;195;195;195;195;195;195;0;0;127;255;127;127;255;127;0;0;127;153;127;127;153;127;0;0;255;255;255;255;255;255;0;0;0;0;0;0;0;0;0;0;0;0;0;0;0;0;0
2_original_small_in_progres_03_02_2023_03_44_20_ibm_nairobi.png;in_progres;2023-02-03 03:44:20;0;0;0;138;0;127;0;174;0;100;16;174;0;168;103;187;109;195;167;222;145;210;197;242;153;225;190;242;177;225;209;255;0;73;0;138;0;123;30;165;0;116;0;165;0;145;102;194;140;207;169;220;139;217;188;243;156;221;193;232;183;231;206;243
2_original_small_in_progres_03_02_2023_03_46_28_ibm_nairobi.png;in_progres;2023-02-03 03:46:28;0;0;0;96;0;126;60;139;94;157;147;190;137;200;171;229;43;151;128;186;141;197;172;207;170;217;203;237;211;232;227;249;0;0;0;94;0;124;86;157;123;162;140;194;151;198;175;220;117;160;130;168;134;188;174;200;166;224;202;237;222;232;223;255
2_original_small_in_progres_03_02_2023_03_49_07_ibm_nairobi.png;in_progres;2023-02-03 03:49:07;0;117;0;163;0;163;0;184;0;192;113;208;116;202;153;238;0;171;100;208;113;213;149;220;158;227;171;239;183;224;195;253;0;129;0;170;0;160;65;201;59;194;123;205;135;207;175;234;81;205;102;208;127;211;163;225;153;233;187;243;192;246;200;255
2_original_small_in_progres_03_02_2023_03_51_58_ibm_nairobi.png;in_progres;2023-02-03 03:51:58;0;104;0;179;0;161;60;200;0;146;96;199;71;194;141;223;0;179;153;218;94;206;160;238;107;217;179;243;151;230;181;247;0;118;0;189;0;153;73;193;0;163;85;189;72;187;150;225;93;199;150;214;124;204;176;237;154;219;174;238;152;224;184;255
2_original_small_in_progres_03_02_2023_03_54_40_ibm_nairobi.png;in_progres;2023-02-03 03:54:40;0;136;0;156;0;170;60;198;0;166;0;191;60;192;142;213;102;213;152;227;133;231;177;233;154;232;188;238;173;238;195;254;0;142;0;158;0;165;51;192;0;177;71;198;79;193;125;226;130;217;143;223;176;235;179;239;172;246;185;243;177;243;211;255
2_original_small_in_progres_03_02_2023_03_57_00_ibm_nairobi.png;in_progres;2023-02-03 03:57:00;0;113;0;193;0;139;79;190;0;131;92;195;0;154;121;192;40;177;147;224;85;191;158;227;72;186;163;233;129;206;183;229;0;120;40;184;0;166;87;213;0;161;80;213;0;187;137;222;36;190;149;232;102;211;173;243;128;206;174;249;135;218;187;255
2_original_small_in_progres_03_02_2023_04_00_00_ibm_nairobi.png;in_progres;2023-02-03 04:00:00;0;0;0;88;0;112;78;154;0;127;120;179;88;178;170;192;131;195;165;210;161;215;189;233;186;224;222;249;204;234;231;253;0;0;0;78;0;91;97;121;40;140;139;184;116;155;177;211;154;173;173;209;170;206;191;233;193;216;223;237;230;234;240;255
2_original_small_in_progres_03_02_2023_04_04_05_ibm_nairobi.png;in_progres;2023-02-03 04:04:05;0;124;0;193;0;156;88;205;0;138;105;198;0;175;141;223;0;198;135;245;76;208;163;248;99;220;157;248;125;219;175;252;0;136;0;207;0;172;112;211;0;156;65;199;20;201;136;216;14;197;162;235;86;217;168;235;118;219;174;240;119;236;190;255
2_original_small_in_progres_03_02_2023_04_06_28_ibm_nairobi.png;in_progres;2023-02-03 04:06:28;0;116;0;151;0;158;32;175;9;185;108;203;117;208;151;233;60;184;129;201;141;210;160;222;141;218;168;236;170;235;202;255;0;121;0;172;38;167;95;191;65;184;111;197;141;221;165;223;81;192;116;206;137;210;165;223;161;214;185;236;190;238;208;247
2_original_small_in_progres_03_02_2023_04_09_20_ibm_nairobi.png;in_progres;2023-02-03 04:09:20;0;101;0;163;0;138;97;179;112;201;171;225;161;227;187;240;0;137;0;190;0;177;101;203;127;219;184;225;153;227;194;255;0;101;0;169;0;143;88;191;120;210;172;233;159;220;186;236;0;125;13;178;13;179;121;205;159;222;173;237;179;240;201;252
2_original_small_in_progres_03_02_2023_13_09_24_ibm_nairobi.png;in_progres;2023-02-03 13:09:24;0;43;0;163;0;135;85;185;99;200;176;224;137;215;187;236;0;121;81;177;0;171;152;210;139;217;215;240;179;232;217;246;0;0;0;147;0;131;94;187;113;194;173;231;151;219;190;235;0;121;63;177;51;172;141;208;166;211;195;242;183;241;211;255
2_original_small_in_progres_03_02_2023_13_14_19_ibm_nairobi.png;in_progres;2023-02-03 13:14:19;0;0;0;88;0;111;113;179;14;153;152;184;152;189;195;227;0;152;161;205;136;197;177;227;178;211;217;233;193;239;211;255;0;0;0;88;0;109;102;187;63;152;158;191;136;183;203;230;73;139;130;193;131;184;183;220;162;211;210;241;206;234;233;251
2_original_small_in_progres_03_02_2023_13_16_42_ibm_nairobi.png;in_progres;2023-02-03 13:16:42;0;92;0;158;0;139;70;179;75;193;142;219;99;206;166;238;0;131;48;177;0;163;124;200;113;204;183;241;161;227;194;251;0;76;0;143;0;139;68;179;81;179;156;226;99;208;169;239;0;130;38;187;0;174;107;211;128;215;193;240;157;223;206;255
2_original_small_in_progres_03_02_2023_13_21_03_ibm_nairobi.png;in_progres;2023-02-03 13:21:03;0;128;0;175;0;178;0;195;0;181;0;200;0;193;101;216;0;190;117;211;65;207;135;227;113;208;139;234;144;231;179;248;0;167;0;193;0;187;89;207;0;198;52;218;73;208;134;223;84;223;140;226;119;231;159;236;131;216;175;247;173;226;191;255
2_original_small_in_progres_03_02_2023_13_24_38_ibm_nairobi.png;in_progres;2023-02-03 13:24:38;0;0;0;81;0;93;0;154;0;137;104;183;113;188;170;204;0;161;133;188;128;188;195;227;153;213;208;239;210;219;227;255;0;65;0;125;0;128;119;167;72;159;131;204;134;202;182;222;127;169;179;210;158;218;215;243;195;215;226;247;222;252;231;252
2_original_small_in_progres_03_02_2023_13_29_39_ibm_nairobi.png;in_progres;2023-02-03 13:29:39;0;105;0;179;0;129;0;184;58;189;147;217;105;210;175;237;0;155;22;204;0;174;91;218;121;224;184;251;146;231;192;255;0;105;0;170;0;143;0;185;60;202;141;226;113;205;173;234;0;153;0;200;0;174;100;208;133;225;183;234;146;230;202;255
2_original_small_in_progres_03_02_2023_13_33_13_ibm_nairobi.png;in_progres;2023-02-03 13:33:13;0;96;81;192;35;156;139;208;0;155;115;217;78;206;170;223;75;198;163;234;144;215;185;242;109;222;189;247;185;225;209;255;0;105;64;176;0;163;146;208;0;160;93;206;56;182;170;231;110;195;156;215;140;214;188;254;136;201;201;241;181;239;218;254
2_original_small_in_progres_03_02_2023_13_35_13_ibm_nairobi.png;in_progres;2023-02-03 13:35:13;0;137;0;177;0;172;0;208;0;186;68;204;72;205;123;235;0;208;84;220;96;226;156;236;146;239;174;255;170;250;191;252;0;137;0;167;0;178;35;201;0;199;104;215;93;222;154;236;47;213;120;234;126;221;168;234;147;243;179;247;178;242;204;255
2_original_small_in_progres_03_02_2023_13_43_09_ibm_nairobi.png;in_progres;2023-02-03 13:43:09;0;0;0;93;0;96;128;187;0;126;146;166;130;172;193;211;88;176;168;204;165;207;234;234;163;214;216;234;197;235;227;255;0;0;0;97;0;113;137;184;0;134;143;185;146;179;190;214;108;149;179;209;153;195;217;231;156;216;211;238;215;236;252;255
2_original_small_in_progres_03_02_2023_13_45_33_ibm_nairobi.png;in_progres;2023-02-03 13:45:33;0;126;56;204;0;149;87;198;0;163;79;197;0;182;145;218;0;190;144;237;116;206;165;240;97;214;171;234;163;227;195;255;0;108;81;197;0;163;99;210;0;149;77;202;0;201;147;224;43;190;135;233;105;215;159;230;113;205;176;241;140;235;193;249
3_original_small_after_03_02_2023_04_14_20_ibm_nairobi.png;after;2023-02-03 04:14:20;0;178;140;238;219;208;10;0;110;229;206;125;100;243;191;8;0;179;0;176;58;185;138;0;0;129;197;149;145;247;129;0;0;140;126;121;127;137;144;0;121;255;255;255;202;255;216;0;0;0;0;216;2;0;0;0;235;222;185;248;233;230;188;211
3_original_small_after_03_02_2023_13_48_03_ibm_nairobi.png;after;2023-02-03 13:48:03;0;222;172;255;219;255;99;62;0;188;163;140;44;234;155;69;0;255;255;255;255;255;223;73;0;141;255;153;133;255;155;47;0;255;153;186;127;211;172;72;0;255;255;255;255;255;255;62;0;100;0;255;218;60;0;70;166;233;184;255;209;232;202;211
3_original_small_after_03_02_2023_13_49_14_ibm_nairobi.png;after;2023-02-03 13:49:14;0;225;172;255;219;255;32;58;0;229;167;156;12;240;140;69;0;255;255;255;255;255;197;73;0;143;255;146;138;255;155;52;0;255;153;198;127;240;27;60;0;255;254;255;248;255;255;81;0;111;0;255;189;85;0;52;163;243;184;255;220;211;182;233
3_original_small_after_03_02_2023_13_51_12_ibm_nairobi.png;after;2023-02-03 13:51:12;0;176;172;255;219;255;71;24;0;152;113;105;55;192;138;17;0;255;255;255;168;221;178;19;0;71;255;85;83;251;100;0;0;255;222;159;127;151;201;16;0;255;255;255;243;255;233;11;0;32;0;233;167;0;0;3;140;173;134;236;139;162;156;185
3_original_small_after_03_02_2023_13_53_19_ibm_nairobi.png;after;2023-02-03 13:53:19;0;163;172;255;219;255;97;36;0;94;52;110;0;165;142;26;0;255;255;255;186;255;208;36;0;77;254;129;55;255;107;20;0;255;153;190;127;171;209;69;0;255;199;255;183;255;236;36;0;69;39;255;153;38;0;47;121;191;157;255;149;192;149;202
3_original_small_after_03_02_2023_13_55_08_ibm_nairobi.png;after;2023-02-03 13:55:08;0;36;172;216;219;146;0;0;0;133;186;80;93;176;201;19;0;253;255;255;255;255;229;26;24;105;255;102;188;255;179;21;0;127;153;20;127;84;87;0;92;255;255;255;255;255;255;25;0;5;0;213;198;1;0;2;208;175;192;242;255;189;204;208
3_original_small_after_03_02_2023_13_58_03_ibm_nairobi.png;after;2023-02-03 13:58:03;0;125;172;255;219;249;69;17;0;101;126;100;0;198;126;44;0;255;255;255;225;255;202;44;0;83;243;125;65;249;131;0;0;255;192;167;127;177;179;32;0;255;254;255;255;255;239;47;0;56;24;255;147;5;0;34;136;184;172;255;163;166;144;206
3_original_small_after_03_02_2023_14_00_42_ibm_nairobi.png;after;2023-02-03 14:00:42;0;36;172;255;219;255;137;52;0;159;220;137;121;223;217;81;0;195;245;255;195;255;214;44;0;95;255;147;153;255;167;47;0;225;255;199;127;181;255;100;111;255;255;255;255;255;255;97;0;14;0;255;161;17;0;56;185;207;211;255;255;218;215;243
3_original_small_after_03_02_2023_14_03_04_ibm_nairobi.png;after;2023-02-03 14:03:04;0;36;172;255;219;199;118;0;102;127;190;79;108;178;198;18;0;220;255;255;255;237;211;31;13;76;255;100;168;255;157;13;0;127;153;30;127;87;220;0;116;255;255;252;255;255;255;23;0;0;0;192;187;0;0;0;195;152;202;238;236;190;193;168
3_original_small_after_03_02_2023_14_07_08_ibm_nairobi.png;after;2023-02-03 14:07:08;0;219;172;255;219;255;111;20;0;182;152;116;60;199;149;32;56;255;255;255;255;255;218;60;36;118;255;130;138;255;143;14;0;255;153;158;127;169;203;38;0;255;255;255;255;255;255;44;23;86;21;255;223;56;0;56;210;207;198;255;226;190;169;197
3_original_small_after_03_02_2023_14_08_44_ibm_nairobi.png;after;2023-02-03 14:08:44;0;36;172;239;219;157;81;0;56;95;198;73;99;161;199;14;0;203;255;255;255;216;200;10;19;78;255;102;153;255;154;5;0;127;153;42;127;94;188;0;102;255;255;255;255;247;255;6;0;3;0;177;211;0;0;0;213;163;198;237;246;170;199;191
3_original_small_before_03_02_2023_04_14_20_ibm_nairobi.png;before;2023-02-03 04:14:20;0;93;172;219;219;172;93;0;0;172;183;65;65;183;172;0;0;195;195;195;195;195;195;0;0;127;255;127;127;255;127;0;0;127;153;127;127;153;127;0;0;255;255;255;255;255;255;0;0;0;0;219;219;0;0;0;183;183;183;219;219;183;183;183
3_original_small_before_03_02_2023_04_23_46_ibm_nairobi.png;before;2023-02-03 04:23:46;0;93;172;219;219;172;93;0;0;172;183;65;65;183;172;0;0;195;195;195;195;195;195;0;0;127;255;127;127;255;127;0;0;127;153;127;127;153;127;0;0;255;255;255;255;255;255;0;0;0;0;219;219;0;0;0;183;183;183;219;219;183;183;183
3_original_small_before_03_02_2023_13_48_03_ibm_nairobi.png;before;2023-02-03 13:48:03;0;93;172;219;219;172;93;0;0;172;183;65;65;183;172;0;0;195;195;195;195;195;195;0;0;127;255;127;127;255;127;0;0;127;153;127;127;153;127;0;0;255;255;255;255;255;255;0;0;0;0;219;219;0;0;0;183;183;183;219;219;183;183;183
3_original_small_before_03_02_2023_13_49_14_ibm_nairobi.png;before;2023-02-03 13:49:14;0;93;172;219;219;172;93;0;0;172;183;65;65;183;172;0;0;195;195;195;195;195;195;0;0;127;255;127;127;255;127;0;0;127;153;127;127;153;127;0;0;255;255;255;255;255;255;0;0;0;0;219;219;0;0;0;183;183;183;219;219;183;183;183
3_original_small_before_03_02_2023_13_51_12_ibm_nairobi.png;before;2023-02-03 13:51:12;0;93;172;219;219;172;93;0;0;172;183;65;65;183;172;0;0;195;195;195;195;195;195;0;0;127;255;127;127;255;127;0;0;127;153;127;127;153;127;0;0;255;255;255;255;255;255;0;0;0;0;219;219;0;0;0;183;183;183;219;219;183;183;183
3_original_small_before_03_02_2023_13_53_19_ibm_nairobi.png;before;2023-02-03 13:53:19;0;93;172;219;219;172;93;0;0;172;183;65;65;183;172;0;0;195;195;195;195;195;195;0;0;127;255;127;127;255;127;0;0;127;153;127;127;153;127;0;0;255;255;255;255;255;255;0;0;0;0;219;219;0;0;0;183;183;183;219;219;183;183;183
3_original_small_before_03_02_2023_13_55_08_ibm_nairobi.png;before;2023-02-03 13:55:08;0;93;172;219;219;172;93;0;0;172;183;65;65;183;172;0;0;195;195;195;195;195;195;0;0;127;255;127;127;255;127;0;0;127;153;127;127;153;127;0;0;255;255;255;255;255;255;0;0;0;0;219;219;0;0;0;183;183;183;219;219;183;183;183
3_original_small_before_03_02_2023_13_58_03_ibm_nairobi.png;before;2023-02-03 13:58:03;0;93;172;219;219;172;93;0;0;172;183;65;65;183;172;0;0;195;195;195;195;195;195;0;0;127;255;127;127;255;127;0;0;127;153;127;127;153;127;0;0;255;255;255;255;255;255;0;0;0;0;219;219;0;0;0;183;183;183;219;219;183;183;183
3_original_small_before_03_02_2023_14_00_42_ibm_nairobi.png;before;2023-02-03 14:00:42;0;93;172;219;219;172;93;0;0;172;183;65;65;183;172;0;0;195;195;195;195;195;195;0;0;127;255;127;127;255;127;0;0;127;153;127;127;153;127;0;0;255;255;255;255;255;255;0;0;0;0;219;219;0;0;0;183;183;183;219;219;183;183;183
3_original_small_before_03_02_2023_14_03_04_ibm_nairobi.png;before;2023-02-03 14:03:04;0;93;172;219;219;172;93;0;0;172;183;65;65;183;172;0;0;195;195;195;195;195;195;0;0;127;255;127;127;255;127;0;0;127;153;127;127;153;127;0;0;255;255;255;255;255;255;0;0;0;0;219;219;0;0;0;183;183;183;219;219;183;183;183
3_original_small_before_03_02_2023_14_07_08_ibm_nairobi.png;before;2023-02-03 14:07:08;0;93;172;219;219;172;93;0;0;172;183;65;65;183;172;0;0;195;195;195;195;195;195;0;0;127;255;127;127;255;127;0;0;127;153;127;127;153;127;0;0;255;255;255;255;255;255;0;0;0;0;219;219;0;0;0;183;183;183;219;219;183;183;183
3_original_small_before_03_02_2023_14_08_44_ibm_nairobi.png;before;2023-02-03 14:08:44;0;93;172;219;219;172;93;0;0;172;183;65;65;183;172;0;0;195;195;195;195;195;195;0;0;127;255;127;127;255;127;0;0;127;153;127;127;153;127;0;0;255;255;255;255;255;255;0;0;0;0;219;219;0;0;0;183;183;183;219;219;183;183;183
3_original_small_in_progres_03_02_2023_04_14_20_ibm_nairobi.png;in_progres;2023-02-03 04:14:20;0;110;0;147;0;165;0;185;77;204;129;221;137;222;169;245;0;149;0;195;0;170;101;211;113;227;159;255;147;231;181;253;0;130;0;171;0;157;75;204;86;219;158;218;142;219;172;241;0;145;0;193;0;191;96;216;144;239;168;245;170;243;201;254
3_original_small_in_progres_03_02_2023_13_48_03_ibm_nairobi.png;in_progres;2023-02-03 13:48:03;0;120;0;182;0;166;97;208;0;171;119;210;70;205;154;237;0;186;147;224;112;214;167;241;140;227;184;249;160;235;203;255;0;117;0;183;0;173;94;206;0;194;117;215;105;201;165;227;34;203;131;227;136;216;165;248;142;230;187;251;163;248;213;248
3_original_small_in_progres_03_02_2023_13_49_14_ibm_nairobi.png;in_progres;2023-02-03 13:49:14;0;120;0;168;0;171;52;201;0;194;119;216;48;204;141;233;0;191;127;216;102;211;147;236;123;225;178;240;161;248;199;254;0;154;0;187;0;188;0;195;0;190;107;223;54;219;163;236;46;206;113;222;115;227;157;232;138;232;184;247;168;230;195;255
3_original_small_in_progres_03_02_2023_13_51_12_ibm_nairobi.png;in_progres;2023-02-03 13:51:12;0;101;0;190;0;153;87;204;0;163;96;208;86;197;159;226;43;183;155;221;35;176;153;229;123;203;192;227;142;219;186;250;0;103;48;183;0;147;125;189;0;154;128;204;59;195;153;216;67;176;147;217;113;195;172;226;140;213;172;234;131;225;204;255
3_original_small_in_progres_03_02_2023_13_53_19_ibm_nairobi.png;in_progres;2023-02-03 13:53:19;0;88;0;188;0;146;101;203;0;117;48;201;0;170;155;221;0;186;146;239;46;204;166;229;89;198;176;247;117;226;183;252;0;88;0;195;0;155;125;216;0;149;78;207;14;181;149;224;68;193;185;240;99;213;169;246;121;215;179;250;131;236;189;255
3_original_small_in_progres_03_02_2023_13_55_08_ibm_nairobi.png;in_progres;2023-02-03 13:55:08;0;0;0;73;0;63;28;139;0;141;140;178;107;175;192;214;0;152;149;195;135;193;179;219;168;214;211;226;205;242;229;249;0;0;0;78;0;94;40;152;62;138;140;179;127;175;176;213;86;147;142;190;129;185;176;211;177;202;201;224;215;230;224;255
3_original_small_in_progres_03_02_2023_13_58_03_ibm_nairobi.png;in_progres;2023-02-03 13:58:03;0;60;0;159;0;134;81;188;0;121;99;192;0;190;142;232;0;169;157;224;72;193;161;233;89;200;167;243;121;205;197;235;0;103;26;179;0;158;104;190;0;163;115;205;77;193;149;229;67;183;173;229;94;189;176;235;129;209;188;238;141;216;184;255
3_original_small_in_progres_03_02_2023_14_00_42_ibm_nairobi.png;in_progres;2023-02-03 14:00:42;0;0;0;158;0;133;115;193;0;145;149;198;115;189;186;234;0;103;102;195;47;174;154;211;109;189;177;234;166;211;202;243;0;60;79;182;0;146;161;214;68;170;168;216;155;206;208;239;0;140;140;208;94;179;169;227;147;203;195;240;188;229;211;255
3_original_small_in_progres_03_02_2023_14_03_04_ibm_nairobi.png;in_progres;2023-02-03 14:03:04;0;0;0;124;0;104;119;156;73;145;149;186;123;185;200;224;0;137;141;202;117;186;174;234;168;204;213;236;201;224;225;255;0;0;0;89;0;101;137;173;81;142;163;187;152;188;198;222;55;139;144;185;127;175;174;215;176;194;218;232;199;242;227;240
3_original_small_in_progres_03_02_2023_14_07_08_ibm_nairobi.png;in_progres;2023-02-03 14:07:08;0;127;0;172;0;178;111;194;0;179;119;208;87;195;161;229;113;218;163;235;140;217;175;249;179;229;204;251;175;234;210;251;0;131;0;176;0;156;121;197;0;188;130;220;116;203;168;233;131;207;175;237;149;229;191;255;183;229;211;253;188;237;206;254
3_original_small_in_progres_03_02_2023_14_08_44_ibm_nairobi.png;in_progres;2023-02-03 14:08:44;0;0;0;94;0;73;93;150;40;121;155;182;117;172;200;221;0;125;137;200;133;170;166;218;172;205;211;236;190;227;222;249;0;0;0;97;0;105;113;166;73;142;156;197;147;170;197;210;86;152;146;174;144;173;190;217;189;202;214;231;206;227;231;255
4_original_small_after_03_02_2023_14_11_09_ibm_nairobi.png;after;2023-02-03 14:11:09;255;131;172;92;0;219;0;251;255;205;210;171;87;221;186;255;217;255;105;255;119;237;96;237;252;124;0;124;101;34;112;255;255;243;153;150;127;147;52;240;255;107;63;87;0;59;0;255;0;235;173;235;8;250;176;78;48;112;56;255;194;120;58;104
4_original_small_after_03_02_2023_14_14_39_ibm_nairobi.png;after;2023-02-03 14:14:39;255;36;172;0;0;155;99;198;255;115;141;64;87;144;152;247;255;255;255;255;255;242;240;223;255;93;6;121;159;0;135;255;255;127;153;18;127;79;169;182;255;15;24;6;0;0;0;255;108;255;255;227;224;248;255;60;105;56;95;239;220;92;60;77
4_original_small_after_03_02_2023_14_19_03_ibm_nairobi.png;after;2023-02-03 14:19:03;255;133;172;102;0;255;107;255;255;128;110;96;54;192;169;255;217;255;255;255;255;255;215;255;226;80;0;126;52;14;131;255;255;255;255;197;127;184;217;255;255;25;0;48;0;40;0;255;36;255;255;255;195;255;255;111;24;65;78;253;189;94;59;113
4_original_small_after_03_02_2023_14_21_09_ibm_nairobi.png;after;2023-02-03 14:21:09;255;36;172;18;0;170;73;225;255;113;143;83;44;159;140;252;255;255;255;255;255;255;252;253;255;121;20;109;155;0;156;255;255;127;153;75;127;101;172;210;255;8;8;18;0;0;0;255;81;255;255;239;227;255;255;86;89;78;93;243;252;96;93;89
4_original_small_after_03_02_2023_14_26_26_ibm_nairobi.png;after;2023-02-03 14:26:26;255;36;172;38;0;206;64;255;255;215;238;170;126;232;192;255;217;187;100;251;119;195;160;214;255;111;12;130;131;22;174;255;255;127;153;144;127;140;169;255;255;128;105;124;2;70;22;255;0;215;211;217;8;238;211;76;73;110;95;255;238;120;96;113
4_original_small_after_03_02_2023_14_29_43_ibm_nairobi.png;after;2023-02-03 14:29:43;255;36;172;0;0;197;129;235;255;117;172;78;112;181;206;255;217;255;255;255;255;255;254;248;255;100;3;116;178;34;176;255;255;127;153;0;127;89;206;229;255;13;0;38;20;23;0;255;30;232;255;225;240;255;255;86;76;73;97;255;255;107;107;104
4_original_small_after_03_02_2023_14_33_15_ibm_nairobi.png;after;2023-02-03 14:33:15;255;36;172;0;0;174;16;203;255;105;187;89;52;173;158;255;255;255;255;255;255;254;242;226;255;118;5;113;182;21;160;255;255;127;153;91;127;125;176;210;255;26;10;32;0;5;0;255;64;237;247;204;237;255;255;97;99;73;102;249;251;124;103;101
4_original_small_after_03_02_2023_14_36_13_ibm_nairobi.png;after;2023-02-03 14:36:13;255;36;172;0;0;195;0;190;255;140;124;78;36;167;140;255;255;255;255;255;255;255;231;234;255;110;12;109;140;7;146;255;255;127;153;67;127;105;113;206;255;17;0;40;0;16;0;250;67;255;255;242;231;255;255;60;101;93;104;255;236;96;84;84
4_original_small_after_03_02_2023_14_40_23_ibm_nairobi.png;after;2023-02-03 14:40:23;255;36;172;0;0;123;0;193;255;151;151;78;40;184;168;255;253;255;255;255;255;255;223;239;255;97;14;108;140;13;136;255;255;127;153;39;127;80;77;188;255;22;31;28;0;0;0;255;32;255;236;219;171;218;233;70;100;93;95;255;236;87;56;87
4_original_small_after_03_02_2023_14_44_13_ibm_nairobi.png;after;2023-02-03 14:44:13;255;110;172;87;0;234;0;255;255;175;192;139;60;226;179;255;217;230;220;248;119;242;171;233;255;96;0;111;97;24;133;255;255;251;153;153;127;149;111;255;255;81;47;104;0;47;0;255;0;226;170;209;8;232;211;80;73;86;58;255;195;97;73;105
4_original_small_before_03_02_2023_14_11_09_ibm_nairobi.png;before;2023-02-03 14:11:09;255;93;172;0;0;172;93;255;255;172;183;65;65;183;172;255;255;195;195;195;195;195;195;255;255;127;0;127;127;0;127;255;255;127;153;127;127;153;127;255;255;0;0;0;0;0;0;255;65;255;255;219;219;255;255;65;65;65;65;219;219;65;65;65
4_original_small_before_03_02_2023_14_14_39_ibm_nairobi.png;before;2023-02-03 14:14:39;255;93;172;0;0;172;93;255;255;172;183;65;65;183;172;255;255;195;195;195;195;195;195;255;255;127;0;127;127;0;127;255;255;127;153;127;127;153;127;255;255;0;0;0;0;0;0;255;65;255;255;219;219;255;255;65;65;65;65;219;219;65;65;65
4_original_small_before_03_02_2023_14_19_03_ibm_nairobi.png;before;2023-02-03 14:19:03;255;93;172;0;0;172;93;255;255;172;183;65;65;183;172;255;255;195;195;195;195;195;195;255;255;127;0;127;127;0;127;255;255;127;153;127;127;153;127;255;255;0;0;0;0;0;0;255;65;255;255;219;219;255;255;65;65;65;65;219;219;65;65;65
4_original_small_before_03_02_2023_14_21_09_ibm_nairobi.png;before;2023-02-03 14:21:09;255;93;172;0;0;172;93;255;255;172;183;65;65;183;172;255;255;195;195;195;195;195;195;255;255;127;0;127;127;0;127;255;255;127;153;127;127;153;127;255;255;0;0;0;0;0;0;255;65;255;255;219;219;255;255;65;65;65;65;219;219;65;65;65
4_original_small_before_03_02_2023_14_26_26_ibm_nairobi.png;before;2023-02-03 14:26:26;255;93;172;0;0;172;93;255;255;172;183;65;65;183;172;255;255;195;195;195;195;195;195;255;255;127;0;127;127;0;127;255;255;127;153;127;127;153;127;255;255;0;0;0;0;0;0;255;65;255;255;219;219;255;255;65;65;65;65;219;219;65;65;65
4_original_small_before_03_02_2023_14_29_43_ibm_nairobi.png;before;2023-02-03 14:29:43;255;93;172;0;0;172;93;255;255;172;183;65;65;183;172;255;255;195;195;195;195;195;195;255;255;127;0;127;127;0;127;255;255;127;153;127;127;153;127;255;255;0;0;0;0;0;0;255;65;255;255;219;219;255;255;65;65;65;65;219;219;65;65;65
4_original_small_before_03_02_2023_14_33_15_ibm_nairobi.png;before;2023-02-03 14:33:15;255;93;172;0;0;172;93;255;255;172;183;65;65;183;172;255;255;195;195;195;195;195;195;255;255;127;0;127;127;0;127;255;255;127;153;127;127;153;127;255;255;0;0;0;0;0;0;255;65;255;255;219;219;255;255;65;65;65;65;219;219;65;65;65
4_original_small_before_03_02_2023_14_36_13_ibm_nairobi.png;before;2023-02-03 14:36:13;255;93;172;0;0;172;93;255;255;172;183;65;65;183;172;255;255;195;195;195;195;195;195;255;255;127;0;127;127;0;127;255;255;127;153;127;127;153;127;255;255;0;0;0;0;0;0;255;65;255;255;219;219;255;255;65;65;65;65;219;219;65;65;65
4_original_small_before_03_02_2023_14_40_23_ibm_nairobi.png;before;2023-02-03 14:40:23;255;93;172;0;0;172;93;255;255;172;183;65;65;183;172;255;255;195;195;195;195;195;195;255;255;127;0;127;127;0;127;255;255;127;153;127;127;153;127;255;255;0;0;0;0;0;0;255;65;255;255;219;219;255;255;65;65;65;65;219;219;65;65;65
4_original_small_before_03_02_2023_14_44_13_ibm_nairobi.png;before;2023-02-03 14:44:13;255;93;172;0;0;172;93;255;255;172;183;65;65;183;172;255;255;195;195;195;195;195;195;255;255;127;0;127;127;0;127;255;255;127;153;127;127;153;127;255;255;0;0;0;0;0;0;255;65;255;255;219;219;255;255;65;65;65;65;219;219;65;65;65
4_original_small_in_progres_03_02_2023_14_11_09_ibm_nairobi.png;in_progres;2023-02-03 14:11:09;0;65;0;171;0;113;0;184;60;192;157;241;103;206;183;237;0;160;17;209;0;178;89;219;109;227;184;242;147;237;184;253;0;79;0;167;0;138;17;181;70;203;162;219;117;211;177;237;0;154;92;207;0;187;117;217;142;234;186;245;162;238;202;255
4_original_small_in_progres_03_02_2023_14_14_39_ibm_nairobi.png;in_progres;2023-02-03 14:14:39;0;0;0;101;0;73;105;155;0;135;113;175;108;160;166;209;92;181;156;202;145;189;195;218;175;216;209;250;194;216;208;255;0;0;0;81;0;95;101;147;56;147;141;171;113;147;173;211;141;178;173;210;153;194;185;213;188;204;221;232;187;229;213;248
4_original_small_in_progres_03_02_2023_14_19_03_ibm_nairobi.png;in_progres;2023-02-03 14:19:03;0;64;0;173;0;138;104;195;0;135;85;185;79;181;166;220;0;173;150;223;118;195;165;240;88;192;168;237;110;217;191;247;0;104;69;194;0;158;126;202;0;143;108;187;85;194;152;226;84;183;170;223;123;210;179;232;121;197;195;226;154;214;197;255
4_original_small_in_progres_03_02_2023_14_21_09_ibm_nairobi.png;in_progres;2023-02-03 14:21:09;0;0;0;123;0;81;86;169;0;131;113;184;76;166;154;207;104;192;182;222;163;206;198;233;181;230;213;236;187;211;218;255;0;0;0;118;0;108;100;163;0;138;126;175;101;171;165;207;120;183;181;211;151;202;205;226;172;215;213;230;205;226;230;250
4_original_small_in_progres_03_02_2023_14_26_26_ibm_nairobi.png;in_progres;2023-02-03 14:26:26;0;0;0;128;0;100;73;183;85;189;168;230;124;204;179;230;0;104;13;181;0;143;126;194;143;209;195;235;160;218;216;255;0;0;0;156;0;126;93;192;120;208;182;233;131;209;195;235;0;134;113;186;0;171;135;205;152;222;202;251;183;227;218;251
4_original_small_in_progres_03_02_2023_14_29_43_ibm_nairobi.png;in_progres;2023-02-03 14:29:43;0;0;0;75;0;97;121;173;0;131;131;178;121;179;197;222;0;155;159;199;146;203;197;226;154;211;198;237;199;237;227;254;0;0;0;62;0;97;121;173;0;139;115;186;150;187;188;219;81;152;161;200;158;193;202;222;160;209;213;242;208;230;235;255
4_original_small_in_progres_03_02_2023_14_33_15_ibm_nairobi.png;in_progres;2023-02-03 14:33:15;0;0;0;64;0;83;44;153;0;125;142;187;80;174;165;210;54;157;139;200;142;190;190;213;177;225;201;236;203;229;218;253;0;0;0;128;0;123;102;162;44;149;127;183;121;176;179;213;105;156;144;187;157;210;189;232;177;210;218;231;202;243;235;255
4_original_small_in_progres_03_02_2023_14_36_13_ibm_nairobi.png;in_progres;2023-02-03 14:36:13;0;0;0;109;0;101;34;147;0;153;102;185;72;176;158;222;111;197;155;223;141;203;188;226;184;227;213;241;179;227;215;255;0;0;0;115;0;113;60;163;0;147;108;195;99;189;172;207;112;187;163;220;157;201;195;213;184;230;226;251;198;231;229;252
4_original_small_in_progres_03_02_2023_14_40_23_ibm_nairobi.png;in_progres;2023-02-03 14:40:23;0;0;0;78;0;48;20;147;0;157;118;181;73;184;174;214;24;176;149;200;112;200;178;225;175;213;210;235;177;227;204;255;0;0;0;93;0;93;35;147;36;147;143;182;113;175;175;208;85;177;137;199;113;169;159;215;179;226;216;248;194;220;204;249
4_original_small_in_progres_03_02_2023_14_44_13_ibm_nairobi.png;in_progres;2023-02-03 14:44:13;0;48;0;166;0;121;26;197;0;169;143;217;85;207;176;245;0;137;95;186;0;179;139;214;131;207;191;231;143;227;197;255;0;83;0;168;0;138;56;199;93;184;149;229;91;202;163;226;0;146;89;187;0;173;140;216;157;215;185;251;161;221;210;254
